<?xml version="1.0" encoding="UTF-8"?>
<project-private xmlns="http://www.netbeans.org/ns/project-private/1">
    <editor-bookmarks xmlns="http://www.netbeans.org/ns/editor-bookmarks/2" lastBookmarkId="0"/>
    <open-files xmlns="http://www.netbeans.org/ns/projectui-open-files/2">
        <group>
            <file>file:/C:/Users/McLoving/OneDrive/Área%20de%20Trabalho/Faculdade/compilador-main/CompiladorL3/src/compiladorl3/codigo.txt</file>
            <file>file:/C:/Users/McLoving/OneDrive/Área%20de%20Trabalho/Faculdade/compilador-main/CompiladorL3/src/compiladorl3/Token.java</file>
            <file>file:/C:/Users/McLoving/OneDrive/Área%20de%20Trabalho/Faculdade/compilador-main/CompiladorL3/src/compiladorl3/Parser.java</file>
            <file>file:/C:/Users/McLoving/OneDrive/Área%20de%20Trabalho/Faculdade/compilador-main/CompiladorL3/src/compiladorl3/ExceptionToken.java</file>
            <file>file:/C:/Users/McLoving/OneDrive/Área%20de%20Trabalho/Faculdade/compilador-main/CompiladorL3/src/compiladorl3/CompiladorL3.java</file>
        </group>
    </open-files>
</project-private>
